{"cameraMode":{"drawMode":0,"name":"Shaded","section":"Shading Mode"},"sceneLighting":false,"audioPlay":false,"sceneViewState":{"m_AlwaysRefresh":false,"showFog":true,"showSkybox":false,"showFlares":true,"showImageEffects":true,"showParticleSystems":true,"showVisualEffectGraphs":true,"m_FxEnabled":true},"in2DMode":false,"pivot":{"x":0.4002034664154053,"y":1.7638448476791382,"z":-0.5110130310058594},"rotation":{"x":0.004717964679002762,"y":0.9338069558143616,"z":0.01231818925589323,"w":-0.357575923204422},"size":2.484987497329712,"orthographic":false}